case_id,criterion,pull,argument
C-1,requirements,predictive,"Формат пакета визначений наказом регулятора, специфікація і контроли опубліковані, зміни оголошують за три місяці"
C-1,technology,adaptive,"API реєстру нове, документація неповна, два методи змінювали поведінку без оголошення, а пісочниця нестабільна"
C-1,release_cost,predictive,"Неприйнятий пакет веде до припису регулятора і ручного повторного подання, а дата звітності зафіксована наказом"
C-1,customer,predictive,"Контактна особа відповідає за три-п'ять робочих днів, на щотижневі демо не приходить і просить підсумок раз на етап"
C-1,contract,predictive,"Договір fixed price після тендера, зміна обсягу потребує додаткової угоди і близько двох тижнів погодження юристами"
C-1,team,predictive,"Троє із семи людей працюють у підрядника в іншому місті за власним графіком, а один QA ділиться з іншим проєктом"
C-2,requirements,adaptive,"Після кожних двотижневих інтерв'ю беклог переписують, функції прибирають і додають, а річного плану продукту немає"
C-2,technology,predictive,"Команда працює на знайомому стеку, платіжний провайдер має нормальну документацію і робочу пісочницю"
C-2,release_cost,predictive,"Помилка в комісії або заставі списує неправильну суму, вимагає ручних повернень і може погіршити умови еквайрингу"
C-2,customer,adaptive,"Співзасновник-продакт сидить з командою, дивиться демо щоп'ятниці, відповідає за півгодини і одразу змінює обсяг"
C-2,contract,adaptive,"Зовнішнього договору немає, продукт власний, обсяг не зафіксований, обмежені лише бюджет і дев'ятимісячний горизонт"
C-2,team,adaptive,"П'ятеро працюють в одній кімнаті, вузьких спеціалізацій немає і кожен може взяти будь-яку задачу"
C-3,requirements,adaptive,"Формальне положення не збігається з реальною роботою, на кожному демо знаходять нові винятки і їх кількість невідома"
C-3,technology,adaptive,"Стек знайомий, але міграція йде зі старої системи без документації схеми, а приблизно восьма частина записів уже неповна"
C-3,release_cost,predictive,"Помилка в щомісячному нарахуванні виявляється вже після передачі даних у бухгалтерію та платежів контрагентам"
C-3,customer,adaptive,"Керівниця юридичного відділу доступна щотижня, приводить користувачів на демо і дає розгорнутий зворотний зв'язок"
C-3,contract,predictive,"Fixed price і затверджений на рік бюджет не можна збільшити, а зміна обсягу потребує підпису фінансового директора"
C-3,team,adaptive,"Четверо працюють в одному офісі два роки, спокійно беруть суміжні задачі, хоча PM залучений лише на половину ставки"
